,High,Low,Close
0,0.107768,0.109047,0.097979
1,0.11163900000000002,0.120094,0.107725
2,0.109697,0.11694700000000001,0.105966
3,0.1068,0.11142,0.076953
4,0.11074200000000001,0.119075,0.096363
5,0.117272,0.12238199999999999,0.099094
6,0.119309,0.132744,0.115013
7,0.118095,0.129471,0.11474100000000001
8,0.11970499999999999,0.120425,0.11211600000000001
9,0.10694200000000001,0.11081700000000001,0.10147
10,0.104182,0.11006400000000001,0.103094
11,0.102149,0.10356800000000001,0.093416
12,0.11266099999999998,0.116874,0.107829
13,0.085869,0.098927,0.079766
14,0.10273099999999999,0.109973,0.07828099999999999
15,0.098897,0.105387,0.086507
16,0.105303,0.135053,0.098747
17,0.10260899999999999,0.10644300000000001,0.083116
18,0.11352000000000001,0.122794,0.089197
19,0.110846,0.118466,0.092114
20,0.112725,0.12444100000000001,0.108993
21,0.106454,0.111399,0.097059
22,0.104128,0.105456,0.081023
23,0.0971,0.098253,0.078834
24,0.107616,0.11080799999999999,0.081428
25,0.11355499999999999,0.122676,0.108786
26,0.11643699999999998,0.117646,0.084662
27,0.109357,0.11961199999999998,0.10185
28,0.111424,0.11631,0.096484
29,0.107847,0.13388,0.100228
30,0.105217,0.11189400000000001,0.09692200000000001
31,0.098165,0.102406,0.08169900000000001
32,0.104002,0.105262,0.066511
33,0.11146600000000001,0.153136,0.108454
34,0.101495,0.106557,0.067804
35,0.12136400000000001,0.13058499999999998,0.101876
36,0.112472,0.11606,0.08654400000000001
37,0.106584,0.114883,0.07312
38,0.090072,0.103046,0.076916
39,0.112175,0.12106199999999999,0.104646
40,0.10557799999999999,0.107545,0.066356
41,0.119679,0.127834,0.108319
42,0.117405,0.11837,0.098208
43,0.089675,0.091004,0.055323000000000004
44,0.106945,0.110104,0.056912
45,0.107222,0.136848,0.09349500000000001
46,0.116031,0.11673599999999999,0.084814
47,0.093795,0.117278,0.08862
48,0.107028,0.11098499999999999,0.088114
49,0.10308599999999998,0.107128,0.072488
50,0.100872,0.11093299999999999,0.060103
51,0.128958,0.184893,0.127225
52,0.11378800000000001,0.11386500000000001,0.080038
53,0.10831199999999999,0.11444100000000001,0.09328600000000001
54,0.112481,0.121955,0.10351700000000001
55,0.110234,0.137417,0.106012
56,0.101789,0.103415,0.084128
57,0.087602,0.103673,0.078163
58,0.11551099999999999,0.123128,0.106118
59,0.096947,0.099957,0.089264
60,0.11750799999999999,0.119277,0.10216599999999999
61,0.093501,0.093501,0.075326
62,0.088474,0.089124,0.030808
63,0.08161,0.131443,0.060527
64,0.11415399999999999,0.117778,0.06704299999999999
65,0.084707,0.11262,0.07764
66,0.12244300000000001,0.142801,0.117452
67,0.11473499999999999,0.115203,0.09133200000000001
68,0.08570599999999999,0.098972,0.07477
69,0.070677,0.077707,0.051602999999999996
70,0.099893,0.12381700000000001,0.08325199999999999
71,0.114854,0.135877,0.10476700000000001
72,0.096737,0.101339,0.08441799999999999
73,0.109476,0.109895,0.086198
74,0.082197,0.097401,0.077488
75,0.10391600000000001,0.11218900000000001,0.100436
76,0.099274,0.100248,0.082584
77,0.10291099999999999,0.108732,0.08384
78,0.091548,0.100511,0.086907
79,0.10378399999999999,0.157554,0.100476
80,0.146574,0.149017,0.12133699999999999
81,0.099444,0.10303599999999999,0.085638
82,0.091326,0.0947,0.068685
83,0.091299,0.10655999999999999,0.077083
84,0.112919,0.118555,0.096179
85,0.095858,0.101123,0.082205
86,0.126148,0.12650999999999998,0.098386
87,0.096469,0.10556099999999999,0.092302
88,0.064441,0.074647,0.055611
89,0.094176,0.095691,0.061415
90,0.121523,0.15508,0.116671
91,0.11093900000000001,0.11189600000000001,0.092913
92,0.09263400000000001,0.100744,0.087988
93,0.1118,0.11911500000000001,0.094326
94,0.11057,0.12405899999999999,0.101752
95,-0.014015999999999999,-0.001734,-0.034914
96,0.10466199999999999,0.115765,0.063845
97,0.096617,0.135139,0.091683
98,0.12298699999999999,0.127151,0.10736099999999998
99,0.098699,0.11216199999999998,0.09268799999999999
100,0.102114,0.10766099999999999,0.097291
101,0.110508,0.111403,0.084482
102,0.10245599999999999,0.107386,0.073529
103,0.10606099999999999,0.14514200000000002,0.101503
104,0.098455,0.122591,0.089094
105,0.11596500000000001,0.132226,0.093971
106,0.10889000000000001,0.120143,0.095438
107,0.098873,0.11833699999999998,0.091378
108,0.094409,0.10096000000000001,0.06754600000000001
109,0.093753,0.108806,0.084412
110,0.089528,0.106228,0.08835499999999999
111,0.100674,0.103749,0.07971
112,0.097606,0.101486,0.080348
113,0.089891,0.089891,0.068721
114,0.088413,0.096149,0.080652
115,0.103202,0.108972,0.096694
116,0.102755,0.105841,0.075347
117,0.09789099999999999,0.11698800000000001,0.08265299999999999
118,0.094051,0.103834,0.07506900000000001
119,0.094087,0.10349900000000001,0.08755800000000001
120,0.086931,0.087377,0.06702799999999999
121,0.088574,0.08959199999999999,0.066182
122,0.099097,0.134849,0.097194
123,0.10393,0.10580999999999999,0.07832
124,0.092383,0.11170899999999999,0.083531
125,0.09338400000000001,0.107706,0.090357
126,0.09037,0.113864,0.078673
127,0.08968999999999999,0.09789500000000001,0.069602
128,0.095419,0.11088699999999999,0.087519
129,0.106824,0.111453,0.100738
130,0.10912000000000001,0.125076,0.10739800000000001
131,0.089912,0.129439,0.08929400000000001
132,0.10445399999999999,0.10798699999999999,0.078014
133,0.10243,0.10293599999999999,0.08355800000000001
134,0.090861,0.10966300000000001,0.090571
135,0.099844,0.118038,0.096288
136,0.10196000000000001,0.114434,0.09506
137,0.099763,0.100708,0.088161
138,0.08425099999999999,0.08505900000000001,0.07064
139,0.089892,0.094738,0.070024
140,0.093487,0.097942,0.058448
141,0.092022,0.11894,0.08895800000000001
142,0.09939500000000001,0.11445699999999999,0.096694
143,0.099856,0.103,0.078278
144,0.087122,0.088274,0.074778
145,0.099639,0.106498,0.09353
146,0.09575399999999999,0.101253,0.086476
147,0.098241,0.121227,0.09287999999999999
148,0.090415,0.101151,0.08408
149,0.094914,0.094914,0.082153
150,0.088232,0.0905,0.069245
151,0.099855,0.113005,0.097247
152,0.080026,0.080874,0.023078
153,0.101323,0.10349900000000001,0.059852999999999996
154,0.083969,0.11646199999999998,0.07595
155,0.101286,0.1281,0.097444
156,0.10998499999999999,0.122047,0.09575299999999999
157,0.061412,0.119966,0.058607000000000006
158,0.110956,0.118277,0.09952899999999999
159,0.099204,0.12323699999999999,0.095019
160,0.103901,0.138479,0.10272
161,0.108051,0.133899,0.100334
162,0.099524,0.100687,0.074613
163,0.101577,0.118558,0.09871
164,0.109604,0.114324,0.10429300000000001
165,0.10931600000000001,0.125115,0.10590799999999999
166,0.10549700000000001,0.107351,0.078701
167,0.096275,0.111393,0.088562
168,0.085851,0.09338400000000001,0.075862
169,0.09102400000000001,0.09517,0.073181
170,0.08465800000000001,0.100009,0.084634
171,0.086036,0.089266,0.058038
172,0.07664299999999999,0.08115399999999999,0.035456
173,0.073931,0.111002,0.062918
174,0.099358,0.101962,0.079226
175,0.084775,0.11966099999999999,0.080229
176,0.076422,0.09443,0.066718
177,0.099031,0.109673,0.084601
178,0.074852,0.100025,0.07445700000000001
179,0.084991,0.096829,0.083785
180,0.099777,0.10273499999999999,0.077654
181,0.084616,0.103104,0.083137
182,0.089877,0.11152100000000001,0.087089
183,0.090382,0.101467,0.08315299999999999
184,0.090585,0.094529,0.070623
185,0.094201,0.097122,0.080126
186,0.079302,0.09158,0.074603
187,0.089046,0.09278600000000001,0.061127
188,0.083301,0.10002799999999999,0.074044
189,0.09535700000000001,0.106071,0.075826
190,0.080355,0.097761,0.07435499999999999
191,0.09289,0.097242,0.072997
192,0.088946,0.100629,0.07950399999999999
193,0.086768,0.088989,0.06954500000000001
194,0.091683,0.10246199999999998,0.08895
195,0.08705700000000001,0.09547,0.08365700000000001
196,0.087233,0.087888,0.066063
197,0.07864700000000001,0.095832,0.068023
198,0.092473,0.096415,0.06535
199,0.072113,0.075429,0.047507
200,0.096708,0.102358,0.078136
201,0.091598,0.094003,0.069328
202,0.091391,0.097241,0.075782
203,0.081478,0.1061,0.074598
204,0.10507000000000001,0.131359,0.101036
205,0.090133,0.12116500000000001,0.08882999999999999
206,0.094328,0.09984,0.085461
207,0.087105,0.094605,0.074072
208,0.095178,0.097498,0.070517
209,0.084364,0.110319,0.075922
210,0.08108,0.09447799999999999,0.077602
211,0.093907,0.107615,0.089303
212,0.08908200000000001,0.094532,0.078284
213,0.084338,0.10079400000000001,0.083803
214,0.085824,0.09648999999999999,0.079841
215,0.086901,0.093275,0.08315700000000001
216,0.095929,0.09969700000000001,0.088924
217,0.091543,0.093761,0.06949
218,0.099714,0.100457,0.08949700000000001
219,0.08737400000000001,0.089825,0.068766
220,0.139952,0.154652,0.130421
221,0.088635,0.090364,0.076555
222,0.080225,0.09446900000000001,0.077842
223,0.087697,0.110373,0.086216
224,0.093439,0.110911,0.091665
225,0.092174,0.097815,0.078828
226,0.09590800000000001,0.098433,0.089921
227,0.091335,0.10286700000000001,0.088118
228,0.093224,0.10729200000000001,0.087248
229,0.084851,0.093821,0.071291
230,0.084774,0.09225900000000001,0.080026
231,0.08554400000000001,0.08610599999999999,0.071713
232,0.07547000000000001,0.079738,0.063769
233,0.086761,0.11480599999999999,0.086214
234,0.089309,0.144174,0.082624
235,0.099377,0.113443,0.08948500000000001
236,0.076517,0.08948500000000001,0.0606
237,0.085891,0.091949,0.083091
238,0.085353,0.105582,0.084621
239,0.085222,0.08705299999999999,0.066294
240,0.086465,0.094145,0.081308
241,0.08666599999999999,0.087978,0.072076
242,0.081694,0.081866,0.073269
243,0.080445,0.10083500000000001,0.07990599999999999
244,0.070346,0.080039,0.045199
245,0.075297,0.09698,0.075297
246,0.08267999999999999,0.09336,0.08153400000000001
247,0.081687,0.083776,0.069595
248,0.094074,0.11071500000000001,0.081316
249,0.105322,0.111252,0.098065
250,0.084409,0.085341,0.07008099999999999
251,0.087947,0.08999800000000001,0.06941599999999999
252,0.095739,0.102075,0.092441
253,0.081092,0.083762,0.045426
254,0.020643,0.035242,0.015835
255,0.082854,0.098802,0.077099
256,0.073366,0.079061,0.06275499999999999
257,0.07195900000000001,0.073378,0.039917
258,0.07584,0.10405999999999999,0.074736
259,0.099689,0.107215,0.093706
260,0.095033,0.106967,0.091659
261,0.094074,0.095333,0.066608
262,0.14738199999999999,0.149256,0.116159
263,0.09037,0.09167,0.074814
264,0.081249,0.082221,0.064075
265,0.091063,0.09681000000000001,0.08634800000000001
266,0.075603,0.077582,0.0688
267,0.068712,0.078587,0.062352
268,0.084883,0.109122,0.08472400000000001
269,0.075866,0.089535,0.071701
270,0.083126,0.087189,0.061551999999999996
271,0.08203400000000001,0.083689,0.070272
272,0.088928,0.102557,0.08622
273,0.085882,0.08743300000000001,0.06504800000000001
274,0.08934500000000001,0.096425,0.075049
275,0.091536,0.093891,0.082028
276,0.075177,0.09030099999999999,0.071137
277,0.074491,0.091491,0.073438
278,0.084232,0.09401699999999999,0.07989500000000001
279,0.085602,0.089374,0.08222
280,0.07859,0.08894500000000001,0.077943
281,0.084221,0.091228,0.083621
282,0.087146,0.11376300000000002,0.086615
283,0.091499,0.095729,0.053389
284,0.07921900000000001,0.093088,0.07921900000000001
285,0.08111,0.096493,0.07585900000000001
286,0.079828,0.08371,0.067208
287,0.087358,0.091387,0.075376
288,0.094064,0.10014400000000001,0.049732
289,0.087158,0.103708,0.08173899999999999
290,0.081234,0.086362,0.07355199999999999
291,0.083758,0.085371,0.06684
292,0.08325199999999999,0.09514299999999999,0.07849199999999999
293,0.076575,0.08542000000000001,0.07333200000000001
294,0.07835299999999999,0.079814,0.066112
295,0.071988,0.079436,0.057133
296,0.079136,0.092872,0.074963
297,0.073576,0.077045,0.06205599999999999
298,0.071896,0.084837,0.070508
299,0.070599,0.07938300000000001,0.068449
300,0.079253,0.09261,0.07731299999999999
301,0.071538,0.076645,0.067285
302,0.074753,0.07925700000000001,0.060851999999999996
303,0.07558200000000001,0.084596,0.073385
304,0.07409099999999999,0.076553,0.063955
305,0.080179,0.087713,0.071978
306,0.071412,0.07685700000000001,0.069371
307,0.077276,0.08730299999999999,0.077234
308,0.075533,0.100199,0.075287
309,0.080616,0.100141,0.074753
310,0.081682,0.099104,0.078395
311,0.078483,0.090718,0.064606
312,0.088538,0.10429200000000001,0.08732899999999999
313,0.073197,0.0802,0.064315
314,0.089305,0.094041,0.077435
315,0.07076,0.072577,0.058988
316,0.076442,0.0931,0.076442
317,0.069345,0.07750399999999999,0.064829
318,0.07750900000000001,0.085053,0.06361699999999999
319,0.07624600000000001,0.082373,0.07220700000000001
320,0.079182,0.07923999999999999,0.061581
321,0.075897,0.090668,0.075877
322,0.071495,0.078493,0.06681000000000001
323,0.064509,0.067898,0.043401
324,0.072275,0.07325,0.061015
325,0.076668,0.088867,0.075464
326,0.111908,0.11723199999999999,0.10165
327,0.074376,0.078128,0.067099
328,0.075567,0.078218,0.066631
329,0.074601,0.075725,0.066367
330,0.06970599999999999,0.074753,0.05984299999999999
331,0.074075,0.08785499999999999,0.073745
332,0.064523,0.067109,0.057512
333,0.07422899999999999,0.075861,0.050076999999999997
334,0.06774,0.086315,0.060091
335,0.07552400000000001,0.078764,0.062878
336,0.072305,0.085738,0.07206599999999999
337,0.081358,0.081477,0.058714999999999996
338,0.08138300000000001,0.083327,0.063916
339,0.068642,0.094032,0.068582
340,0.079748,0.096821,0.078625
341,0.088778,0.101917,0.085119
342,0.070009,0.07377,0.0638
343,0.069382,0.070526,0.046926999999999996
344,0.075389,0.093438,0.07425599999999999
345,0.078355,0.090843,0.072287
346,0.07169400000000001,0.084477,0.061696
347,0.07053999999999999,0.073671,0.052666
348,0.082626,0.091935,0.07412300000000001
349,-0.006737000000000001,0.005446,-0.019798
350,0.069342,0.076599,0.05803200000000001
351,0.078595,0.087094,0.066061
352,0.064861,0.078516,0.061355999999999994
353,0.079068,0.090061,0.071962
354,0.084011,0.09174700000000001,0.077389
355,0.070042,0.088462,0.069388
356,0.069448,0.076661,0.064731
357,0.08684800000000001,0.09007899999999999,0.07851
358,0.066261,0.093665,0.06490499999999999
359,0.07163,0.08605,0.069388
360,0.070332,0.075534,0.062936
361,0.065846,0.08616,0.064929
362,0.064512,0.0714,0.06204
363,0.072306,0.082498,0.07153999999999999
364,0.065932,0.070119,0.045582
365,0.05965,0.067622,0.051717
366,0.071657,0.075237,0.055184000000000004
367,0.064087,0.07785700000000001,0.062602
368,0.072064,0.072449,0.055094000000000004
369,0.07153,0.074374,0.055138
370,0.067925,0.091962,0.065674
371,0.071213,0.07864299999999999,0.057121000000000005
372,0.06263300000000001,0.077311,0.061395000000000005
373,0.074917,0.078237,0.068378
374,0.067715,0.075417,0.06411499999999999
375,0.069221,0.072532,0.059809
376,0.06904199999999999,0.07083400000000001,0.058897000000000005
377,0.064169,0.074179,0.06412799999999999
378,0.077474,0.084094,0.071719
379,0.06521,0.070869,0.060207000000000004
380,0.070011,0.074431,0.053526
381,0.064613,0.068841,0.052955999999999996
382,0.074487,0.079109,0.07072
383,0.06665399999999999,0.078966,0.065234
384,0.070087,0.07808899999999999,0.063533
385,0.065603,0.07119400000000001,0.06049500000000001
386,0.07488500000000001,0.078563,0.063569
387,0.079486,0.083656,0.072749
388,0.072935,0.081356,0.069151
389,0.071358,0.07621900000000001,0.056341999999999996
390,0.068833,0.071762,0.059135
391,0.07006699999999999,0.0713,0.061977
392,0.073075,0.07621900000000001,0.06650700000000001
393,0.070389,0.078569,0.06841799999999999
394,0.069798,0.07196799999999999,0.065617
395,0.06607400000000001,0.06826,0.05869
396,0.070381,0.070757,0.05207899999999999
397,0.060724,0.06651,0.04841
398,0.071868,0.073766,0.058623
399,0.066725,0.082747,0.06546
400,0.069083,0.072226,0.053953999999999995
401,0.059215,0.067031,0.055419
402,0.07306599999999999,0.073601,0.06342300000000001
403,0.065471,0.068276,0.047162
404,0.06854400000000001,0.074814,0.060479
405,0.070396,0.08637,0.068749
406,0.069172,0.083011,0.06636399999999999
407,0.062606,0.069685,0.058965
408,0.063053,0.067213,0.05379
409,0.15684,0.160484,0.141611
410,0.062261000000000004,0.076299,0.061189
411,0.069965,0.11283399999999999,0.069498
412,0.067729,0.071757,0.060122
413,0.068918,0.081164,0.063795
414,0.07181599999999999,0.076886,0.06160499999999999
415,0.069911,0.073271,0.065161
416,0.063959,0.083538,0.063707
417,0.069851,0.074491,0.056714
418,0.069868,0.073534,0.056352
419,0.060999,0.07211000000000001,0.057663
420,0.05619,0.05927999999999999,0.048583
421,0.065962,0.077157,0.065799
422,0.060937,0.065489,0.058607000000000006
423,0.06004400000000001,0.068937,0.05881
424,0.06390900000000001,0.067308,0.051994000000000005
425,0.062081,0.07814,0.056253
426,0.063029,0.079885,0.062104
427,0.062284000000000006,0.065605,0.055640999999999996
428,0.060877999999999995,0.06592,0.05776799999999999
429,0.062932,0.068627,0.058552
430,0.062389,0.075475,0.061025
431,0.065451,0.082717,0.06501900000000001
432,0.063086,0.06955700000000001,0.059283
433,0.068962,0.084319,0.068826
434,0.066772,0.077122,0.051588999999999996
435,0.06403500000000001,0.065495,0.044801
436,0.062103,0.079476,0.061748000000000004
437,0.06225700000000001,0.079672,0.060041
438,0.064698,0.069921,0.058783
439,0.066609,0.068841,0.057698
440,0.06790399999999999,0.081498,0.056960000000000004
441,0.074103,0.077731,0.06095
442,0.061072,0.068173,0.053632000000000006
443,0.064462,0.065367,0.040238
444,0.061388,0.064151,0.046192000000000004
445,0.06510099999999999,0.07953400000000001,0.064403
446,0.063692,0.068186,0.057815
447,0.06461599999999999,0.064847,0.054001
448,0.063692,0.063807,0.052743
449,0.062309,0.070405,0.051321000000000006
450,0.067216,0.07072200000000001,0.058801
451,0.061489,0.073068,0.054938
452,0.0616,0.067367,0.05501
453,0.062542,0.070537,0.05584
454,0.061489,0.075281,0.060904999999999994
455,0.06381,0.082638,0.063695
456,0.06916900000000001,0.07545700000000001,0.064711
457,0.0664,0.06855900000000001,0.057539
458,0.064583,0.06947,0.059241999999999996
459,0.063667,0.08457,0.063215
460,0.065745,0.071613,0.03973
461,0.063427,0.06911,0.05585
462,0.04427,0.064206,0.041597
463,0.066001,0.071926,0.060412
464,0.069565,0.081057,0.067222
465,0.06627999999999999,0.06683,0.046782
466,0.080815,0.082264,0.055959
467,0.06522599999999999,0.06802899999999999,0.037651
468,0.068473,0.081255,0.061625
469,0.068725,0.068837,0.054436
470,0.070793,0.073168,0.06446
471,0.070276,0.097868,0.067471
472,0.060784000000000005,0.063845,0.054007000000000006
473,0.060453,0.071293,0.058154
474,0.06405599999999999,0.079502,0.06111900000000001
475,0.06575,0.06693099999999999,0.054163
476,0.063072,0.06588,0.05475700000000001
477,0.051708000000000004,0.054847,0.031899000000000004
478,0.054645000000000006,0.07376,0.053645000000000005
479,0.065077,0.067397,0.051814
480,0.059868,0.063424,0.048753
481,0.058292,0.066445,0.05784500000000001
482,0.062089,0.073501,0.052801999999999995
483,0.054703999999999996,0.06097,0.043739
484,0.06308,0.072118,0.05828099999999999
485,0.057717,0.066968,0.05298099999999999
486,0.059148,0.071155,0.057937
487,0.05814400000000001,0.060752999999999995,0.052382000000000005
488,0.061502999999999995,0.064647,0.050226
489,0.062669,0.072163,0.057165999999999995
490,0.059830999999999995,0.073371,0.05887100000000001
491,0.056219000000000005,0.063055,0.051066
492,0.057165999999999995,0.061055,0.052329999999999995
493,0.05411799999999999,0.06652000000000001,0.053066999999999996
494,0.06207000000000001,0.066035,0.056748
495,0.055915999999999993,0.056749,0.050086
496,0.058528,0.074769,0.055175
497,0.051576,0.063894,0.051265
498,0.063473,0.063886,0.056649
499,0.062942,0.06995499999999999,0.059435
500,0.05511900000000001,0.056142,0.008860999999999999
501,0.056204,0.069453,0.044877999999999994
502,0.064492,0.070849,0.059213
503,0.060690999999999995,0.060798000000000005,0.047339
504,0.06490399999999999,0.107896,0.033305
505,0.057380999999999995,0.090826,0.054684
506,0.05099,0.061771000000000006,0.042720999999999995
507,0.054873000000000005,0.065087,0.053517999999999996
508,0.069125,0.07162,0.054877999999999996
509,0.038130000000000004,0.053316999999999996,0.028664
510,0.061463,0.067018,0.054336
511,0.060808,0.065179,0.056958
512,0.062359000000000005,0.06298200000000001,0.043768
513,0.065962,0.069522,0.053187
514,0.052354,0.07683200000000001,0.051726
515,0.052222000000000005,0.059329,0.042334
516,0.044282,0.046360000000000005,0.015295
517,0.064295,0.088275,0.062891
518,0.035131,0.053913,0.034921
519,0.064558,0.072267,0.061600999999999996
520,0.055487,0.056536,0.035655
521,0.058125,0.06825099999999999,0.045015
522,0.052298000000000004,0.06044600000000001,0.048065
523,0.06066799999999999,0.068096,0.055042999999999995
524,0.055149000000000004,0.062472,0.047721
525,0.057273000000000004,0.08243099999999999,0.052454999999999995
526,0.064927,0.073737,0.055173
527,0.053713,0.067735,0.049631
528,0.063463,0.068186,0.047510000000000004
529,0.063309,0.06468600000000001,0.044032
530,0.048815,0.061448,0.018947
531,0.035598000000000005,0.059116999999999996,0.03408
532,0.070784,0.087257,0.063206
533,0.064201,0.081952,0.06311900000000001
534,0.091712,0.091712,0.073167
535,0.060983,0.074085,0.058507
536,0.068354,0.078311,0.063735
537,0.060695000000000006,0.063821,0.05414
538,0.053448,0.059778,0.051940999999999994
539,0.060083000000000004,0.07356,0.059579999999999994
540,0.056274,0.06340499999999999,0.053402
541,0.053423000000000005,0.057263999999999995,0.042983999999999994
542,0.067344,0.06763999999999999,0.059438
543,0.059319000000000004,0.079679,0.057263999999999995
544,0.056778999999999996,0.058035,0.040931
545,0.062033000000000005,0.06398,0.05259
546,0.054640999999999995,0.056486,0.046872000000000004
547,0.053086,0.058605,0.051149
548,0.052698,0.055691,0.049318
549,0.05134400000000001,0.0615,0.048443
550,0.049531,0.069201,0.049435
551,0.057804999999999995,0.073417,0.055913
552,0.05567999999999999,0.06538300000000001,0.03758
553,0.05343099999999999,0.08118,0.044489
554,0.05214,0.0683,0.051677999999999995
555,0.052328,0.055063,0.037377999999999995
556,0.054804,0.07270399999999999,0.054254
557,0.063461,0.06400399999999999,0.050067
558,0.056036,0.073388,0.053957000000000005
559,0.056505999999999994,0.062539,0.042131
560,0.05564500000000001,0.066028,0.05466
561,0.05499,0.056139999999999995,0.044198
562,0.051539,0.055434000000000004,-0.015194
563,0.038239999999999996,0.058822,0.031379000000000004
564,0.062886,0.06839500000000001,0.057009000000000004
565,0.051149,0.06413200000000001,0.04679
566,0.057159,0.057978999999999996,0.044854000000000005
567,0.044364,0.049398000000000004,0.021664
568,0.031905,0.070395,0.024038999999999998
569,0.055276,0.059335,0.028804000000000003
570,0.055515999999999996,0.069996,0.046866000000000005
571,0.041662,0.054959,0.033364
572,0.061905999999999996,0.07053999999999999,0.020178
573,0.034512,0.071372,0.033442
574,0.05625,0.08307,0.053292
575,0.07626799999999999,0.083773,0.064627
576,0.048957,0.058114,0.043351
577,0.056179999999999994,0.068704,0.054390999999999995
578,0.055304,0.056236,0.048128
579,0.052976,0.054190999999999996,0.047644
580,0.053447,0.07618899999999999,0.052601
581,0.050755,0.059803999999999996,0.049924
582,0.050106,0.052694000000000005,0.035968
583,0.055408000000000006,0.058308000000000006,0.030992000000000002
584,0.062233000000000004,0.06271,0.023707
585,0.042589,0.046055,0.014861000000000001
586,0.055474,0.064291,0.036552
587,0.061913,0.07181900000000001,0.056960000000000004
588,0.06705900000000001,0.095585,0.061882000000000006
589,0.059939,0.06539600000000001,0.036797
590,0.058146,0.058427999999999994,0.022436
591,0.07360499999999999,0.086805,0.049326
592,0.041332,0.05517999999999999,0.036175
593,0.054519000000000005,0.055094000000000004,0.0225
594,0.054671000000000004,0.060091,0.036638
595,0.070974,0.082196,0.057665999999999995
596,0.054827999999999995,0.075257,0.048244999999999996
597,0.059423000000000004,0.08065800000000001,0.054235000000000005
598,0.051664999999999996,0.06524400000000001,0.044454
599,0.059682000000000006,0.065458,0.050924000000000004
600,0.046273,0.046831,0.014722999999999998
601,0.134483,0.139209,0.112108
602,0.061821,0.08802,0.054884
603,0.048175,0.062339,0.034453
604,0.060598,0.07066,0.042898
605,0.051448,0.056683000000000004,0.043551
606,0.051271000000000004,0.069103,0.049585000000000004
607,0.056651,0.0585,0.049872
608,0.049163,0.051173,0.035439
609,0.045114,0.056486,0.044056
610,0.05240499999999999,0.069745,0.052316999999999995
611,0.054908000000000005,0.073382,0.052588
612,0.058371000000000006,0.070293,0.05425700000000001
613,0.055262,0.055262,0.041748
614,0.051846,0.063314,0.047143
615,0.046823000000000004,0.056255999999999994,0.045347000000000005
616,0.046508999999999995,0.050989,0.045287
617,0.049851,0.057034,0.045199
618,0.052674,0.0768,0.049759
619,0.047991000000000006,0.053194000000000005,0.034037
620,0.043625,0.043942,0.016574000000000002
621,0.048463,0.06539600000000001,0.030716000000000004
622,0.045087,0.04967,0.030938
623,0.054911,0.063318,0.047158
624,0.047408,0.051955999999999995,0.040342
625,0.046356,0.050085000000000005,0.040034
626,0.04879,0.050177,0.025788
627,0.064969,0.073014,0.047219
628,0.059726999999999995,0.07306,0.035710000000000006
629,0.042444,0.049123,0.020919999999999998
630,0.050485,0.050653,0.028254
631,0.049063999999999997,0.071279,0.043232
632,0.048042,0.056466999999999996,0.032708999999999995
633,0.050924000000000004,0.060001,0.042356
634,0.056435,0.06835,0.054337
635,0.048133999999999996,0.06596,0.042934
636,0.050749,0.054828999999999996,0.039731
637,0.05463099999999999,0.055864,0.029220999999999997
638,0.058623,0.064703,0.053627
639,0.048628,0.055304,0.043106
640,0.047222,0.049539,0.021071
641,0.043195,0.06121,0.041835000000000004
642,0.051248,0.052345,0.037239999999999995
643,0.055269000000000006,0.07526000000000001,0.054844000000000004
644,0.04614,0.049458999999999996,0.031787
645,0.05175,0.054278,0.037257
646,0.055045000000000004,0.059517999999999995,0.047957
647,0.041352,0.066786,0.040181
648,0.050851,0.054803,0.037185
649,0.047132,0.051708000000000004,0.039810000000000005
650,0.05055,0.05664400000000001,0.040617
651,0.043410000000000004,0.053848,0.037694
652,0.05894,0.06059,0.044420999999999995
653,0.049703,0.0521,0.040694
654,0.049377,0.055353999999999993,0.046056
655,0.044329,0.05111,0.042923
656,0.043311,0.048214,0.034254
657,0.055354999999999994,0.076787,0.051993
658,0.052572,0.053394000000000004,0.040822000000000004
659,0.049124,0.06465599999999999,0.043588999999999996
660,0.045855,0.063136,0.044551
661,0.055094000000000004,0.056226,0.044906
662,0.064801,0.0714,0.055465
663,0.06277,0.063402,0.024118999999999998
664,0.045251,0.056735,0.030314999999999998
665,0.048464,0.048464,0.015373
666,0.056422,0.090184,0.04972
667,0.052936000000000004,0.061636,0.042852999999999995
668,0.043983,0.046426999999999996,0.024676
669,0.054798,0.056380999999999994,0.028127999999999997
670,0.046451,0.057438,0.04016
671,0.055938999999999996,0.063774,0.051187
672,0.04222,0.043611000000000004,0.027821
673,0.038151,0.048731000000000003,0.031704
674,0.046425,0.055052,0.044101999999999995
675,0.055702,0.068463,0.05363099999999999
676,0.045074,0.048475,0.038111
677,0.04094,0.059913,0.040777999999999995
678,0.048112,0.049636,0.039691000000000004
679,0.043539999999999995,0.05140700000000001,0.038242
680,0.044183,0.05670599999999999,0.042256
681,0.045771,0.05665800000000001,0.044182
682,0.044575,0.047017,0.017161000000000003
683,0.049901999999999995,0.065368,0.047566000000000004
684,0.042679,0.043391000000000006,0.036669
685,0.039744999999999996,0.041488,0.029207
686,0.044101999999999995,0.052998,0.042259
687,0.038663,0.045062,0.034344
688,0.049726,0.051976,0.04362
689,0.039769,0.047793,0.034393
690,0.045232,0.046766,0.036031
691,0.046131,0.048647,0.029331
692,0.035115,0.04639,0.026292000000000003
693,0.048199,0.059835,0.047626
694,0.046533,0.054634,0.040862
695,0.040855,0.041991,0.032085
696,0.035317,0.044677,0.032115
697,0.045007,0.051753,0.039577999999999995
698,0.045084,0.046393000000000004,0.037065
699,0.043528,0.052386,0.043446
700,0.042714,0.043613,0.032019
701,0.051441999999999995,0.056143,0.048061
702,0.043039,0.044101999999999995,0.038129
703,0.045582,0.06687,0.044842
704,0.050214999999999996,0.052986,0.039131
705,0.045494,0.048115,0.035995
706,0.033476,0.041796,0.025403
707,0.052822,0.057434000000000006,0.046869
708,0.056339,0.056672,0.048764
709,0.0427,0.044844999999999996,0.037257
710,0.031716,0.042368,0.030973
711,0.043191,0.045344999999999996,0.025623000000000003
712,0.034051,0.03538,0.017935
713,0.05500599999999999,0.056795000000000005,0.015566
714,0.060363,0.076972,0.054015
715,0.058924000000000004,0.065106,0.052910000000000006
716,0.04726,0.050002,0.038951
717,0.045017,0.056902999999999995,0.043852999999999996
718,0.051677,0.05851,0.048466
719,0.048733,0.053121,0.042477
720,0.054977,0.071087,0.052801999999999995
721,0.050269,0.050822000000000006,0.030267000000000002
722,-0.025851,0.002179,-0.025851
723,0.052274,0.059695000000000005,0.042768
724,0.045437,0.048941000000000005,0.033591
725,0.032277,0.036638,0.024143
726,0.04929,0.053798,0.042231
727,0.042156,0.045118,0.034709
728,0.038414,0.040537000000000004,0.033236
729,0.046064999999999995,0.046406,0.031645
730,0.045824000000000004,0.055034000000000007,0.011566
731,0.035111,0.037579,-0.00165
732,0.028710000000000003,0.069604,0.020968999999999998
733,0.049259,0.054055,0.032521
734,0.034432,0.049509,0.033710000000000004
735,0.048485,0.07961599999999999,0.048485
736,0.022815000000000002,0.026026999999999998,-0.01608
737,0.030605,0.057073,0.004046
738,0.046613,0.04986,0.033083999999999995
739,0.031905,0.049868,0.029107
740,0.040115,0.054546000000000004,0.035274
741,0.032921,0.041881,0.029195
742,0.035829,0.039576,0.02316
743,0.030993,0.033433,0.008851000000000001
744,0.018914,0.032477,-0.02519
745,-0.067628,0.069274,-0.095834
746,0.119933,0.119933,0.043227999999999996
747,0.072962,0.101016,0.052523
748,0.063466,0.073036,0.042524
749,0.032494,0.042987,0.026695
750,0.027837,0.050774,0.027562
751,0.015338999999999998,0.031286,-0.010379000000000001
752,0.06361699999999999,0.083976,0.053002999999999995
753,0.040785,0.043469,0.018116999999999998
754,0.026213,0.040151,0.021881
755,0.062988,0.07069299999999999,0.049385000000000005
756,0.052816999999999996,0.055223,0.015891
757,0.040530000000000004,0.06893300000000001,0.037038
758,0.032195999999999995,0.05454,0.031919
759,0.060966,0.063788,0.045313
760,0.044986,0.050395,0.031375
761,0.039129000000000004,0.041722,0.031889
762,0.032701,0.040112,0.015378999999999999
763,0.023796,0.042865,0.020694
764,0.041413,0.056988,0.041321
765,0.022888,0.030105,0.015128999999999998
766,0.041506,0.05149600000000001,0.038481
767,0.029669,0.050126,0.021668
768,0.052413,0.054672000000000005,0.030539999999999998
769,0.031605,0.038129,0.018829
770,0.043003,0.049289,-0.00294
771,0.049976,0.063033,0.036252
772,0.027807,0.03299,0.011222
773,0.024506,0.052961,0.020142
774,0.034689,0.04872,0.027062
775,0.037989999999999996,0.048405000000000004,0.029921
776,0.043413,0.043693,0.021656
777,0.033862,0.033862,0.015284
778,0.044144,0.065786,0.039303
779,0.045052999999999996,0.045238,0.033094
780,0.032133,0.047314,0.030829000000000002
781,0.034749,0.036887,0.018663
782,0.046188,0.057222,0.042038
783,0.038654,0.040698000000000005,0.027038999999999997
784,0.037150999999999997,0.046044,0.030692
785,0.035769,0.062096000000000005,0.030931999999999998
786,0.041499,0.055934000000000005,0.038758
787,0.044605,0.055295000000000004,0.042504
788,0.050196,0.072964,0.046867
789,0.030669,0.031105,0.003087
790,0.040479,0.050758,0.027766000000000002
791,0.06099299999999999,0.082498,0.053099
792,0.03443,0.051772000000000006,0.030683
793,0.043364,0.045348,0.030083999999999996
794,0.050705,0.055576,0.040354
795,0.036052,0.059211,0.03528
796,0.044146,0.049997,0.031341
797,0.03812,0.045276,0.023892
798,0.036594,0.042585000000000005,0.0324
799,0.034112,0.041379,0.026333
800,0.003464,0.013507,-0.003746
801,0.031422000000000005,0.040728,0.021141
802,0.036304,0.041296,0.030867000000000002
803,0.030317,0.033625999999999996,0.004111
804,0.026123,0.052472000000000005,0.022622
805,0.041675,0.042852999999999995,0.027172
806,0.053811000000000005,0.06956,0.051444000000000004
807,0.038056,0.056674,0.030291000000000002
808,0.038627,0.0449,0.035577
809,0.034707,0.038698,0.017963999999999997
810,0.031276,0.049031,0.02943
811,0.03784,0.038014,0.02661
812,0.037247,0.038299,0.031197000000000003
813,0.036549,0.049023000000000004,0.03444
814,0.038904,0.039429,0.022369
815,0.034967000000000005,0.041759,0.023854
816,0.037370999999999995,0.039507,0.016632
817,0.035776,0.071353,0.034158999999999995
818,0.034533,0.042184,0.024359
819,0.028317000000000002,0.037767,0.022542
820,0.029802999999999996,0.030239999999999996,0.007393
821,0.038727,0.046783,0.033983
822,0.026236000000000002,0.028018,0.005389
823,0.025823000000000002,0.030395,0.003968
824,0.029999,0.037912,0.015368000000000001
825,0.0404,0.049018,0.019137
826,0.041288,0.043426,0.013030000000000002
827,0.034302,0.040096,0.004862
828,0.047169,0.048047,0.030476999999999997
829,0.035642,0.038728,0.026481
830,0.035352999999999996,0.050602999999999995,0.034678
831,0.038683999999999996,0.038683999999999996,0.028678
832,0.030751999999999998,0.03171,0.017244
833,0.036324,0.060254999999999996,0.035355000000000004
834,0.033444999999999996,0.034587,0.02012
835,0.031978,0.032171,0.010858
836,0.008911,0.036049,0.002913
837,0.038897,0.039879000000000005,0.006085
838,0.013303,0.031541,0.00635
839,0.014206,0.029108999999999996,-0.008919
840,0.057502,0.063511,0.038294
841,0.056422,0.057383,0.039023
842,0.056186,0.05765599999999999,0.038224
843,0.038695,0.047702999999999995,0.007426
844,0.041025,0.06780499999999999,0.017433
845,0.00044100000000000004,0.016144,-0.008295
846,0.048606,0.051164,0.017599
847,0.018264,0.051349,0.000276
848,0.037854,0.046623000000000005,0.015184999999999999
849,0.060009,0.090423,0.057214
850,0.035988,0.03609,0.012415
851,0.040067,0.049955,0.020708
852,-0.005918,0.00018899999999999999,-0.033865
853,0.039066000000000004,0.047154,0.023556
854,0.042667000000000004,0.070716,0.037827
855,0.025717,0.028269,0.01434
856,0.024127000000000003,0.030781,0.011892
857,0.040664,0.060820000000000006,0.030586000000000002
858,0.029704,0.045494,0.022507
859,0.028529000000000002,0.032792,-0.001628
860,0.019637,0.047775,0.018652000000000002
861,0.021581,0.039458,0.01768
862,0.03946,0.04412,0.019737
863,0.02414,0.034295,0.011037
864,0.034765,0.038169999999999996,0.021800999999999997
865,0.040662000000000004,0.060703999999999994,0.036172
866,0.029700999999999998,0.046105,0.024162
867,0.036935,0.03746,0.008085
868,0.026601,0.034727999999999995,0.024462
869,0.032275,0.038599,0.028095
870,0.024281999999999998,0.025344,0.004625
871,0.021662999999999998,0.047754000000000005,0.014488
872,0.028845999999999997,0.036451,0.020277
873,0.034062,0.042786000000000005,0.027467000000000002
874,0.02885,0.043403,0.026619999999999998
875,0.039602,0.072818,0.037153
876,0.029176999999999998,0.033068,0.020269
877,0.027645,0.039189999999999996,0.026316000000000003
878,0.038205,0.0522,0.028063
879,0.023186000000000002,0.027583,0.008896
880,0.018366999999999998,0.02827,0.014528
881,0.032235,0.034986,0.021638
882,0.032333999999999995,0.040783,0.019507
883,0.040269,0.040676,0.032739
884,0.025858999999999997,0.035925,0.02455
885,0.04384,0.05609,0.042736
886,0.029677,0.04641,0.029480000000000003
887,0.02501,0.034239,0.019571
888,0.034636,0.036192,0.023447
889,0.029479,0.046195,0.021800999999999997
890,0.022966999999999998,0.042794,0.022578
891,0.027067,0.032757999999999995,0.021472
892,0.02298,0.030545999999999997,0.017355000000000002
893,0.032596,0.034447000000000005,0.023438999999999998
894,0.026445999999999997,0.054825,0.026348000000000003
895,0.038654,0.055575,0.038176
896,0.030885000000000003,0.032576,0.022993
897,0.027398000000000002,0.038921,0.02192
898,0.033406,0.049970999999999995,0.032001999999999996
899,0.014466999999999999,0.025769,0.013633000000000001
900,0.033319,0.04035,0.023663
901,0.020012000000000002,0.024372,0.003035
902,0.032891000000000004,0.041047,0.025872000000000003
903,0.032318,0.047855,0.030992000000000002
904,0.032402999999999994,0.043356,0.025983
905,0.032737,0.047091,0.032737
906,0.025523,0.032597,0.022858
907,0.029474,0.031218,0.007619
908,0.020386,0.020947999999999998,0.002113
909,0.033213,0.034362000000000004,0.01741
910,0.026782,0.040743,0.021197
911,0.027460000000000002,0.027460000000000002,0.013912
912,0.020056,0.034336,0.016268
913,0.022758,0.029089,0.017985
914,0.01792,0.031537,0.01792
915,-0.052989,-0.026255,-0.05614500000000001
916,0.027172,0.030012999999999998,-0.008186
917,0.020263,0.028188,0.0041979999999999995
918,0.031907,0.033115,0.014667
919,0.035538,0.05246699999999999,0.029820999999999997
920,0.029598000000000003,0.037169,0.014672999999999999
921,0.027305,0.028069999999999998,0.012879
922,0.024579,0.025457,0.007899
923,0.026242,0.034739,0.021718
924,0.029107,0.031752999999999997,0.015653999999999998
925,0.023809,0.024794999999999998,0.012638
926,0.025475,0.026137999999999998,-0.01047
927,0.019302,0.038215,0.019302
928,0.044289,0.06689500000000001,0.035925
929,0.030454000000000002,0.032089,0.013671
930,0.030485,0.041976,0.027530000000000002
931,0.024018,0.024018,0.012440000000000001
932,0.027931,0.036512,0.026628
933,0.030137,0.04432,0.027987
934,0.031534,0.040764999999999996,0.027502999999999996
935,0.031199,0.042381999999999996,0.025347
936,0.023769,0.034553,0.013087
937,0.013268,0.023763,0.011332
938,0.015505000000000001,0.023662,0.007553
939,0.014546000000000002,0.019874,0.007476000000000001
940,0.014215,0.016709,0.004136
941,0.023885,0.028911000000000003,0.020325
942,0.023884,0.064634,0.019286
943,0.029584,0.036016,0.026576
944,0.023049,0.028627999999999997,0.019536
945,0.018602,0.034010000000000006,0.018188
946,0.011653,0.020072,0.011139
947,0.021703,0.026155,0.005242
948,0.022941999999999997,0.035135,0.016951
949,0.026931999999999998,0.033125999999999996,0.018638
950,0.015885,0.029577,0.011881999999999998
951,0.013397999999999998,0.013713,-0.00044699999999999997
952,0.030343000000000002,0.036461,0.019932
953,0.021431,0.036601,0.018634
954,0.026779,0.033607,0.017178
955,0.027327999999999998,0.031076,0.01994
956,-0.010811,0.007821,-0.013578999999999999
957,0.01877,0.019318000000000002,0.002339
958,0.032712,0.041161,0.024263999999999997
959,0.027306999999999998,0.033647,0.023589
960,0.023586000000000003,0.038001,0.022068
961,0.021975,0.032463,0.020263
962,0.017817,0.017924000000000002,0.007894
963,0.018952,0.030369,0.016474000000000003
964,0.024973,0.033541,0.024116
965,0.029018000000000002,0.033283,0.024325
966,0.023893,0.033418,0.023681
967,0.025157,0.030748,0.024628999999999998
968,0.023047,0.025778,0.017061
969,0.028644,0.045544,0.027905000000000003
970,0.024498,0.028433999999999997,0.020149
971,0.022324,0.037135,0.021287999999999998
972,0.020385,0.024895,0.01813
973,0.024484,0.029197000000000004,0.02182
974,0.021822,0.033797,0.014657
975,0.021403,0.021814,0.011627
976,0.0189,0.025019,0.005108
977,0.017687,0.029774000000000002,0.013482
978,0.10359000000000002,0.10443699999999999,0.087503
979,0.02196,0.038060000000000004,0.02186
980,0.021681,0.025212000000000002,0.01668
981,0.025116,0.0422,0.025116
982,0.023152000000000002,0.023344999999999998,0.0033740000000000003
983,0.026383999999999998,0.036469999999999995,0.025992
984,0.021121,0.025183,0.01822
985,0.021484,0.034749,0.020619
986,0.018018,0.026066000000000002,0.01461
987,0.016325,0.022992,0.014259
988,0.016704,0.018481,0.007819
989,0.022539,0.026402,0.016225999999999997
990,0.016225,0.022448,0.016225
991,0.017263,0.030432999999999998,0.016699000000000002
992,0.019034,0.024611,0.015130000000000001
993,0.015034,0.017547,0.007964
994,0.017733000000000002,0.02118,0.015776
995,0.014747,0.02333,0.010922
996,0.012987,0.01522,0.003588
997,0.01839,0.025236,0.017827000000000003
998,0.015022,0.016705,0.006701
999,0.011611,0.016225999999999997,0.004922999999999999
1000,0.016125999999999998,0.021234,0.00572
1001,0.014594,0.022397,0.011454
1002,0.007922,0.014591,0.005064
1003,0.014375,0.023112,0.014183000000000001
1004,0.018022999999999997,0.024353,0.013036
1005,0.026888,0.029748,0.018498
1006,0.019244999999999998,0.023024,0.015561000000000002
1007,0.018868,0.027655000000000002,0.011687000000000001
1008,0.007215000000000001,0.007403,-0.011661
1009,0.009153,0.019568000000000002,-0.00541
1010,0.012903,0.043196,0.011719
1011,0.037618,0.049972,0.035012
1012,0.024993,0.065528,0.023767
1013,0.036669,0.053694000000000006,0.0333
1014,0.013677000000000002,0.02257,0.0041670000000000006
1015,0.020030000000000003,0.028797000000000003,0.0028510000000000002
1016,0.012891,0.022478,0.008053
1017,0.020148,0.021403,0.007514
1018,0.024809,0.030097000000000002,0.021672
1019,0.015864,0.019149,-0.009617
1020,0.007979,0.023778999999999998,0.007166
1021,0.018721,0.020344,0.012771
1022,0.023038999999999997,0.031587,0.020699000000000002
1023,0.010584,0.0163,-0.0015609999999999999
1024,0.020179,0.028435000000000002,0.014191999999999998
1025,0.014579,0.017639,0.010708
1026,0.022522999999999998,0.033828,0.018634
1027,0.021242,0.023583,0.014847999999999998
1028,0.02349,0.029251999999999997,0.018359999999999998
1029,0.021391999999999998,0.023625999999999998,0.014244
1030,0.026205000000000003,0.041639999999999996,0.023528
1031,0.032108,0.04079,0.018955
1032,0.026826999999999997,0.03234,0.021577000000000002
1033,0.01287,0.018507,0.00359
1034,0.025469,0.027992000000000003,0.018944
1035,0.015044,0.019456,0.010286
1036,0.023093000000000002,0.023353,0.016774
1037,0.015734,0.020152,-0.014154
1038,0.015380000000000001,0.019899,0.010775
1039,0.015465999999999999,0.016336,0.010859
1040,0.022003,0.027589,0.021131
1041,0.020234000000000002,0.023781,0.014699
1042,-0.016268,-0.004305,-0.024873
1043,0.015879,0.020017,0.004522
1044,0.012217,0.024128999999999998,0.008483
1045,0.017013,0.022203,0.012986000000000001
1046,0.016922,0.019701,-0.009339
1047,0.016818,0.025488999999999998,0.015266
1048,0.012077,0.016454,-0.000964
1049,0.000458,0.016313,-0.003414
1050,0.023976,0.027975999999999997,0.018209
1051,0.011524,0.024454,0.0059310000000000005
1052,0.001684,0.014812,-0.014998
1053,0.014359,0.014359,-0.03367
1054,0.006148,0.022586000000000002,0.000794
1055,0.005719,0.006652,-0.028176
1056,0.020678,0.031309,0.016751
1057,0.008565999999999999,0.041933,0.007620999999999999
1058,0.010785,0.015755,0.0017640000000000002
1059,0.010324,0.017874,0.009771
1060,0.012993000000000001,0.030195,0.011981
1061,0.014435,0.018694,0.009451000000000001
1062,0.008457,0.009815,-0.0008710000000000001
1063,0.011531,0.018267,0.009893
1064,0.009181,0.0186,0.008819
1065,0.005272,0.016616,-0.00117
1066,0.013713,0.019163,0.001632
1067,0.011067,0.016288999999999998,-0.001208
1068,0.009481999999999999,0.017988999999999998,0.006523
1069,0.013363,0.013638999999999998,-0.002759
1070,0.016059999999999998,0.02404,0.013184
1071,0.0060880000000000005,0.02386,0.005167000000000001
1072,0.010891,0.025208,0.00852
1073,0.014157,0.035739,0.014157
1074,0.0065769999999999995,0.021771000000000002,-0.000531
1075,0.017266999999999998,0.035852999999999996,0.016462
1076,0.011123000000000001,0.021319,0.010596
1077,0.014111000000000002,0.025976999999999997,0.012793
1078,0.018123,0.018386000000000003,0.010955
1079,0.010957,0.024751,0.010520999999999999
1080,0.013309,0.019906,0.012789
1081,0.011143,0.016337,0.01097
1082,0.006301,0.007684000000000001,0.00016
1083,0.006347,0.014444,0.006347
1084,0.012440999999999999,0.023563,0.012181
1085,0.014686000000000001,0.019003,0.0032890000000000003
1086,0.009753,0.015475999999999998,0.00932
1087,0.011747,0.016518,0.001166
1088,0.012267,0.0169,0.003175
1089,0.009826,0.015578999999999999,0.008955
1090,0.011569,0.019772,0.010609
1091,0.013916999999999999,0.025899000000000002,0.011226
1092,0.012785,0.025493000000000002,0.012699
1093,0.010569,0.01576,0.00657
1094,0.009295999999999999,0.019411,0.008106
1095,0.005255,0.008637,-0.000579
1096,0.011253,0.015583000000000001,0.008706
1097,0.006488,0.022647,0.0054670000000000005
1098,0.012440999999999999,0.016659999999999998,0.009995
1099,0.007462999999999999,0.013285,0.007209999999999999
1100,0.018105,0.018105,0.012019
1101,0.012440999999999999,0.019275,0.010501
1102,0.007973000000000001,0.01261,0.007551
1103,0.016239,0.030417000000000003,0.015057
1104,0.010697,0.017093,0.010115
1105,0.014102000000000002,0.015844999999999998,0.009618000000000002
1106,0.003973,0.009785,0.001732
1107,0.008445999999999999,0.010444,0.004034
1108,0.059829999999999994,0.088698,0.059664
1109,0.006386,0.017474,0.004814
1110,0.010708,0.01764,0.009526999999999999
1111,0.012834,0.023579,0.011029
1112,0.014384000000000001,0.026429,0.013685
1113,0.011056,0.017753,0.010055
1114,0.009451000000000001,0.015585,0.005386999999999999
1115,0.008375,0.012029,0.005254
1116,0.015396,0.021041999999999998,0.012878
1117,0.009432,0.021684000000000002,0.007768000000000001
1118,0.011804,0.017403000000000002,0.005084
1119,0.009261,0.010971999999999999,0.003087
1120,0.006209,0.011646,0.006209
1121,0.011859,0.015721000000000002,0.010001999999999999
1122,0.0060799999999999995,0.011168,0.00372
1123,0.010056,0.010791,0.002116
1124,0.003493,0.009031,-0.001159
1125,0.011611,0.013824000000000001,0.005268
1126,0.009175,0.011825,0.006378
1127,0.014694,0.031324,0.01256
1128,0.009585,0.011604000000000001,0.000643
1129,0.006765,0.014381999999999999,0.005386999999999999
1130,0.0051140000000000005,0.007999,-0.000439
1131,0.006045,0.012701,0.004092
1132,0.003952000000000001,0.010094,0.003013
1133,0.006185,0.006548,-0.006071
1134,0.012214000000000001,0.013013999999999998,0.00778
1135,0.0059700000000000005,0.010172,0.005752
1136,0.008795,0.01133,0.005464
1137,0.011117,0.020836,0.008361
1138,0.009937,0.01209,0.006634999999999999
1139,0.010292,0.010292,0.002339
1140,0.011023,0.018944,0.009798999999999999
1141,0.012703,0.01762,-0.004258
1142,0.008143000000000001,0.020758000000000002,0.007494
1143,0.0069299999999999995,0.009211,0.002297
1144,0.01222,0.013937,0.003993
1145,-0.000889,0.012228,-0.006408
1146,0.008284999999999999,0.030682,0.00621
1147,0.0072299999999999994,0.012908000000000001,0.003795
1148,0.00856,0.010729,0.0037340000000000003
1149,0.0066,0.010452,0.001627
1150,0.008422,0.011299,0.00379
1151,0.004914,0.016419,0.004353
1152,0.004241,0.012875,0.0013859999999999999
1153,0.009961,0.011571,0.004081
1154,0.008562,0.01172,0.005334
1155,0.009899,0.011868,0.0049759999999999995
1156,0.006451,0.009337999999999999,-0.013827
1157,0.007857,0.011772,0.003658
1158,0.008853,0.012194,0.002739
1159,0.011144,0.014003,0.006784
1160,0.005086,0.009563,0.0029530000000000003
1161,0.012925999999999998,0.013781999999999999,0.002716
1162,0.011940000000000001,0.024122,0.01151
1163,0.008071,0.009769,0.0038950000000000005
1164,0.016786000000000002,0.019975,0.014518999999999999
1165,0.009966,0.016913,0.009685
1166,0.007652,0.008559,5e-05
1167,0.009755,0.011439,0.005475
1168,0.010173999999999999,0.011646,0.004425
1169,0.018246000000000002,0.032983,0.017263999999999998
1170,0.014672999999999999,0.018455000000000003,0.009859
1171,-0.00505,0.007934,-0.014071
1172,0.004369,0.008619,-0.0004980000000000001
1173,0.009653,0.024926,0.009653
1174,0.008544,0.040148,0.008544
1175,0.013737000000000001,0.020391,0.01097
1176,0.005714,0.007743000000000001,-0.004236
1177,0.0027429999999999998,0.013399000000000001,0.0018219999999999998
1178,0.008818000000000001,0.020034,0.008622
1179,0.003348,0.007464,-0.002826
1180,0.005474000000000001,0.006248,-0.002392
1181,-0.008148,-0.0018850000000000002,-0.033267000000000005
1182,0.010742,0.024572999999999998,0.009807
1183,0.009455,0.013404,0.004519
1184,0.010092,0.013897,0.002943
1185,0.009859999999999999,0.009859999999999999,-0.0005059999999999999
1186,0.004188,0.006342,-0.0034490000000000002
1187,0.00648,0.01054,0.0018969999999999998
1188,0.004775,0.006340999999999999,0.000273
1189,0.0026850000000000003,0.009285999999999999,0.002097
1190,0.005887,0.007194,-0.004501
1191,0.006620999999999999,0.007673,0.00037799999999999997
1192,0.006548999999999999,0.018803999999999998,0.002026
1193,-0.003242,-0.002531,-0.008925
1194,0.0037310000000000004,0.016188,0.002949
1195,0.007631999999999999,0.013872,0.004122
1196,0.003152,0.005025,-0.002341
1197,0.005222,0.005222,-0.054175
1198,-0.017906000000000002,-0.015548,-0.039672000000000006
1199,0.015939,0.017941,0.0020629999999999997
1200,0.010159,0.010159,-0.014906
1201,-0.008798,-0.000776,-0.016475
1202,0.000379,0.005388,-0.010615000000000001
1203,0.013734999999999999,0.035469,0.013734999999999999
1204,0.007562999999999999,0.007562999999999999,-0.005677000000000001
1205,0.007458,0.011266,0.001158
1206,0.003239,0.009639,-0.001235
1207,0.00047999999999999996,0.014474,0.000342
1208,0.010034999999999999,0.017653,-0.00225
1209,-0.00165,0.006268,-0.011219
1210,0.009235,0.020551,-5.4000000000000005e-05
1211,-0.003783,-0.000892,-0.020512
1212,0.009307,0.012871,0.004626
1213,0.009922,0.01285,-0.002486
1214,0.005256,0.012952000000000002,-0.0015300000000000001
1215,-0.0035280000000000003,-0.000184,-0.007778
1216,0.005123,0.018135,0.005123
1217,0.00344,0.016252000000000003,-0.001713
1218,0.001643,0.009394,-0.000779
1219,0.006272,0.008411,-0.0009710000000000001
1220,0.002274,0.022869999999999998,0.00186
1221,0.005286,0.014525,0.000938
1222,0.002445,0.016456000000000002,0.0007610000000000001
1223,0.00151,0.007753,-0.0020469999999999998
1224,0.006603,0.012891,0.003057
1225,0.007118000000000001,0.008713,-0.001591
1226,0.00159,0.004595,-0.005822
1227,0.005998,0.018424,0.0014550000000000001
1228,0.002013,0.015479,0.002013
1229,0.007936,0.011748,0.00603
1230,0.005824,0.0073939999999999995,-0.036371
1231,-0.000541,0.001727,-0.005208
1232,0.006613,0.009501,-0.005273
1233,0.006425,0.013984,0.0017670000000000001
1234,0.06568099999999999,0.068826,0.044807
1235,0.0033520000000000004,0.004374,-0.009617
1236,0.007154000000000001,0.015736,0.0047009999999999994
1237,0.008228000000000001,0.020168000000000002,0.005724
1238,0.0025989999999999997,0.023018,0.000513
1239,-0.001216,0.01139,-0.002156
1240,-0.003304,-0.00268,-0.036153
1241,0.008241,0.020925,0.004829
1242,0.011684,0.017336,0.008065000000000001
1243,0.005067,0.014700999999999999,0.001814
1244,0.002104,0.005631000000000001,-0.008973
1245,-0.002672,-0.001491,-0.019323
1246,0.0,0.010389,-0.007222
1247,0.0,0.0024760000000000003,-0.015175
1248,0.006488,0.017747,0.005152
1249,-0.004444,0.004318,-0.005633
1250,0.002813,0.004751,-0.008939
1251,0.002386,0.008099,0.0
1252,0.0017519999999999999,0.013387,0.00043799999999999997
1253,-0.008485,0.010218999999999999,-0.009104000000000001
1254,0.005463,0.006016,-0.001842
1255,0.001775,0.007162999999999999,0.000796
1256,0.004878,0.005732,-0.0022559999999999998
